<?xml version="1.0" encoding="UTF-8"?>
<project-private xmlns="http://www.netbeans.org/ns/project-private/1">
    <editor-bookmarks xmlns="http://www.netbeans.org/ns/editor-bookmarks/2" lastBookmarkId="0"/>
    <open-files xmlns="http://www.netbeans.org/ns/projectui-open-files/2">
        <group>
            <file>file:/C:/Users/thiag/Desktop/vanessa/4_Semestre/Pesquisa%20e%20Ordenação/trabalho_ordenacao/TrabalhoOrdenacao/src/trabalhoordenacao/TrabalhoOrdenacao.java</file>
            <file>file:/C:/Users/thiag/Desktop/vanessa/4_Semestre/Pesquisa%20e%20Ordenação/trabalho_ordenacao/TrabalhoOrdenacao/src/trabalhoordenacao/Ordenacao.java</file>
            <file>file:/C:/Users/thiag/Desktop/vanessa/4_Semestre/Pesquisa%20e%20Ordenação/trabalho_ordenacao/TrabalhoOrdenacao/src/Arquivo/CarregarArquivo.java</file>
            <file>file:/C:/Users/thiag/Desktop/vanessa/4_Semestre/Pesquisa%20e%20Ordenação/trabalho_ordenacao/TrabalhoOrdenacao/src/trabalhoordenacao/Interface.java</file>
        </group>
    </open-files>
</project-private>
