<?xml version="1.0" encoding="UTF-8"?>
<project-private xmlns="http://www.netbeans.org/ns/project-private/1">
    <editor-bookmarks xmlns="http://www.netbeans.org/ns/editor-bookmarks/2" lastBookmarkId="0"/>
    <open-files xmlns="http://www.netbeans.org/ns/projectui-open-files/2">
        <group>
            <file>file:/C:/Users/thiag/Desktop/netbenas/Banco%20de%20dados%20Escola/src/banco/de/dados/escola/BancoDeDadosEscola.java</file>
            <file>file:/C:/Users/thiag/Desktop/netbenas/Banco%20de%20dados%20Escola/src/Conexao/Conexao.java</file>
            <file>file:/C:/Users/thiag/Desktop/netbenas/Banco%20de%20dados%20Escola/src/beans/Alunos.java</file>
            <file>file:/C:/Users/thiag/Desktop/netbenas/Banco%20de%20dados%20Escola/src/DAO/AlunosDAO.java</file>
            <file>file:/C:/Users/thiag/Desktop/netbenas/Banco%20de%20dados%20Escola/src/interfacealuno.java</file>
            <file>file:/C:/Users/thiag/Desktop/netbenas/Banco%20de%20dados%20Escola/src/interfaceProfessor.java</file>
            <file>file:/C:/Users/thiag/Desktop/netbenas/Banco%20de%20dados%20Escola/src/beans/Professores.java</file>
            <file>file:/C:/Users/thiag/Desktop/netbenas/Banco%20de%20dados%20Escola/src/DAO/ProfessoresDAO.java</file>
            <file>file:/C:/Users/thiag/Desktop/netbenas/Banco%20de%20dados%20Escola/src/interfacematricula.java</file>
        </group>
    </open-files>
</project-private>
