<?xml version="1.0" encoding="UTF-8"?>
<project-private xmlns="http://www.netbeans.org/ns/project-private/1">
    <editor-bookmarks xmlns="http://www.netbeans.org/ns/editor-bookmarks/2" lastBookmarkId="0"/>
    <open-files xmlns="http://www.netbeans.org/ns/projectui-open-files/2">
        <group>
            <file>file:/C:/Users/thiag/Desktop/netbenas/banco%20de%20dados%20com%20interface%20final/banco%20de%20dados%20com%20interface/banco%20de%20dados%20com%20interface/banco%20de%20dados%20com%20interface/src/editar_excluir.java</file>
            <file>file:/C:/Users/thiag/Desktop/netbenas/banco%20de%20dados%20com%20interface%20final/banco%20de%20dados%20com%20interface/banco%20de%20dados%20com%20interface/banco%20de%20dados%20com%20interface/src/cadastro.java</file>
        </group>
    </open-files>
</project-private>
